순위,책제목,저자,출판사
1,혼모노,성해나,창비
2,"첫 여름, 완주",김금희,무제
3,청춘의 독서,유시민,웅진지식하우스
4,안녕이라 그랬어,김애란,문학동네
5,단 한 번의 삶,김영하,복복서가
6,우리의 낙원에서 만나자,하태완,북로망스
7,어른의 품격을 채우는 100일 필사 노트,김종원,청림Life
8,소년이 온다,한강,창비
9,모순,양귀자,쓰다
10,어른의 행복은 조용하다,태수,페이지2북스
11,"2025 큰별쌤 최태성의 별별한국사 한국사능력검정시험 심화(1,2,3급) 상",최태성,이투스북
12,이재명 자서전,이재명,아시아
13,원피스 ONE PIECE 111,오다 에이이치로,대원
14,작은 땅의 야수들,김주혜,다산책방
15,"2025 큰별쌤 최태성의 별별한국사 한국사능력검정시험 심화(1,2,3급) 하",최태성,이투스북
16,워런 버핏 웨이,로버트 해그스트롬,상상스퀘어
17,ETS 토익 정기시험 기출문제집 1000 Vol. 4 RC,ETS,YBM(와이비엠)
18,미술관에 간 할미,할미,더퀘스트
19,세계 경제 지각 변동,박종훈,글로퍼스
20,"혹시, 돈 얘기해도 될까요?",주언규,필름
21,마침내 특이점이 시작된다,레이 커즈와일,비즈니스북스
22,위버멘쉬,프리드리히 니체,떠오름
23,ETS 토익 정기시험 기출문제집 1000 Vol. 4 LC,ETS,YBM(와이비엠)
24,처음 읽는 그리스 로마 신화 13,최설희,미래엔아이세움
25,급류,정대건,민음사
26,초역 부처의 말,코이케 류노스케,포레스트북스
27,같이 읽자는 고백,김소영,이야기장수
28,유지만 다이어트 레시피,유지만,길벗
29,듀얼 브레인,이선 몰릭,상상스퀘어
30,고전이 답했다 마땅히 가져야 할 부에 대하여,고명환,라곰
31,마법천자문 67,알에스미디어,아울북
32,쇼펜하우어 인생수업 : 한 번뿐인 삶 이렇게 살아라 (리커버 에디션),쇼펜하우어,하이스트
33,해커스 토익 기출 VOCA (보카),David Cho,해커스어학연구소
34,스파이 패밀리 Spy Family 15,엔도 타츠야,학산문화사
35,엄마의 말 연습,윤지영,카시오페아
36,소설판 사카모토 데이즈 : 킬러들의 블루스,미사키 렌카,대원
37,빅 사이클,레이 달리오,한빛비즈
38,하루 한 장 나의 어휘력을 위한 필사 노트,유선경,위즈덤하우스
39,왓츠 유어 드림,사이먼 스큅,북파머스
40,스토너,존 윌리엄스,알에이치코리아(RHK)
41,묘식당의 신박한 가정간편식,이용경(유튜버 묘식당),황금부엉이
42,넥서스,유발 하라리,김영사
43,괴수 8호 RELAX 2,마츠모토 나오야,서울미디어코믹스(서울문화사)
44,저속노화 마인드셋,정희원,웨일북
45,결국 국민이 합니다,이재명,오마이북
46,작별하지 않는다,한강,문학동네
47,밤새들의 도시,김주혜,다산책방
48,물질의 세계,에드 콘웨이,인플루엔셜
49,빛과 실,한강,문학과지성사
50,채식주의자,한강,창비
51,멜로우TV 3 : 멜싹오싹 위험한 미션,멜로우 TV,학산문화사(단행본)
52,맞춤법 천재라면,박정란,슈크림북
53,에그박사 15,에그박사,미래엔아이세움
54,스위치온 다이어트 레시피북,박용우,루미너스
55,"2025 큰별쌤 최태성의 별별한국사 기출 500제 한국사능력검정시험 심화(1,2,3급)",최태성,이투스북
56,데일 카네기 인간관계론 (50만부 돌파 초판 무삭제 완역본),데일 카네기,현대지성
57,퓨처 셀프 30만 부 기념 스페셜 에디션,벤저민 하디,상상스퀘어
58,설민석의 한국사 대모험 33,설민석,단꿈아이
59,흔한남매 19,흔한남매,미래엔아이세움
60,긴긴밤,루리,문학동네
61,미지의 서울 대본집 세트,이강,BIRDBOX(버드박스)
62,료의 생각 없는 생각,료,열림원
63,이기적 유전자 The Selfish Gene,리처드 도킨스,을유문화사
64,너에게 들려주는 단단한 말,김종원,퍼스트펭귄
65,마음의 기술,안-엘렌 클레르,상상스퀘어
66,믿을 구석 The Last Resort,김멜라,서울국제도서전
67,홍학의 자리,정해연,엘릭시르
68,해커스 일본어 첫걸음 : 일본어 기초 20일 독학 완성!,해커스 일본어연구소,해커스어학연구소
69,행복한 철학자,우애령,하늘재
70,불멸의 유전자,리처드 도킨스,을유문화사
71,순간을 달리는 할머니 1,펀자이씨(엄유진),문학동네
72,부의 전략 수업,폴 포돌스키,필름
73,실패를 성공으로 바꾸는 주식투자의 기술,정재호,프런트페이지
74,의사 어벤저스 22,고희정,가나출판사
75,서랍에 저녁을 넣어 두었다,한강,문학과지성사
76,세이노의 가르침,세이노(SayNo),데이원
77,이로운 보수 의로운 진보,최강욱,한겨레출판
78,순간을 달리는 할머니 2,펀자이씨(엄유진),문학동네
79,2025 제16회 젊은작가상 수상작품집,백온유,문학동네
80,5번 레인,은소홀,문학동네
81,해커스 토익 RC Reading(리딩) 기본서,David Cho,해커스어학연구소
82,경험의 멸종,크리스틴 로젠,어크로스
83,부동산 투자 황금 로드맵,김원철,다산북스
84,돈의 심리학 (30만 부 기념 스페셜 에디션),모건 하우절,인플루엔셜
85,인생을 바꾸는 이메일 쓰기,이슬아,이야기장수
86,코스모스,칼 에드워드 세이건,사이언스북스
87,역사의 시선,전우용,삼인
88,원수는 백일장에서 만난다 (친필사인본),이승민,풀빛
89,나는 월급쟁이 배당 부자가 되었다,환상감자(이은호),길벗
90,내가 나라서 정말 좋아,김지훤,길벗
91,김재우의 기초 영어회화 100,김재우,상상스퀘어
92,사과 세탁소 1 : 못 말리는 첫 직원,박보영,한빛에듀
93,그릿 GRIT,김주환,인플루엔셜
94,질문의 격,유선경,앤의서재
95,해커스 토익 LC Listening(리스닝) 기본서,David Cho,해커스어학연구소
96,세상을 움직이는 놀라운 화학,표트르 발치트,미디어숲
97,200만 원으로 시작하는 부동산 경매투자,곽상빈,동아엠앤비
98,토마토 컵라면,차정은,BOOKK(부크크)
99,니체 인생수업 : 니체가 세상에 남긴 66가지 인생지혜 (리커버 에디션),프리드리히 니체,하이스트
100,파과 (리커버),구병모,위즈덤하우스
101,빨간내복야코 국어 3 : 어휘 절대 안 틀리는 책,빨간내복야코,위즈덤하우스
102,여름 피치 스파클링,차정은,다이브
103,화가의 사람들,최연욱,온더페이지
104,단 3개의 미국 ETF로 은퇴하라,김지훈(포메뽀꼬),리더스북
105,ETS 토익기출 파트별 VOCA 보카,ETS,YBM(와이비엠)
106,푸른 상자 18 더블특전판,코우지 미우라,학산문화사
107,"마침내, 안녕",유월,서사원
108,마흔에 읽는 쇼펜하우어,강용수,유노북스
109,사피엔스,유발 하라리,김영사
110,어서 오세요 실력지상주의 교실에 2학년 편 12.5,키누가사 쇼고,소미미디어
111,매일 1장 초등 국어 쓰기 습관의 기적 받아쓰기 1 : 초등 1학년,정서진,시원스쿨닷컴
112,만화 나 혼자만 레벨업 14,추공,디앤씨웹툰비즈
113,2025 시대에듀 한국실용글쓰기 실제 기출로 끝내기,이원근,시대고시기획 시대교육
114,타키 포오 코믹 어드벤처 8,캐릭온TV,대원씨아이(단행)(대원키즈)
115,과자 사면 과학 드립니다,정윤선,풀빛
116,인생의 연금술,이하영,웅진지식하우스
117,여름을 한 입 베어 물었더니,이꽃님,문학동네
118,월급쟁이 강남 내집 마련하기,기필코강남(조동식),지혜로
119,윤슬의 바다,백은별,바른북스
120,이처럼 사소한 것들,클레어 키건,다산책방
121,괴수 8호 15 트리플특장판,마츠모토 나오야,서울미디어코믹스(서울문화사)
122,구의 증명,최진영,은행나무
123,토막 난 우주를 안고서,김초엽,허블
124,마음에 힘이 되는 하루 한 문장 영어 필사,위혜정,센시오
125,한국형 모멘텀 투자 실전 매매법,이가근,메이트북스
126,별에게,안녕달,창비
127,환율의 대전환,오건영,포레스트북스
128,돈의 속성 400쇄 리커버,김승호,스노우폭스북스
129,우리가 타인을 마주할 때,아돌프 크니게,저녁달
130,단 한 줄만 내 마음에 새긴다고 해도,나민애,포레스트북스
131,코믹 블루록 32 한정판,카네시로 무네유키,학산문화사
132,흔한남매 과학 탐험대 14 화학 반응,흔한남매,주니어김영사
133,소설 보다 : 여름 2025,김지연,문학과지성사
134,나는 소망한다 내게 금지된 것을,양귀자,쓰다
135,2025 투자자산운용사 실제유형 모의고사 + 특별부록 PASSCODE Premium ver 10,유창호,시대고시기획 시대교육
136,비전공자도 이해할 수 있는 챗GPT,박상길,비즈니스북스
137,뿐이 토핑 이유식,정주희,서사원
138,행동은 불안을 이긴다,롭 다이얼,서삼독
139,야간비행,앙투안 드 생텍쥐페리,문학동네
140,슈뻘맨의 숨은 과학 찾기 6,슈뻘맨,미래엔아이세움
141,설민석의 세계사 대모험 25,설민석,단꿈아이
142,초역 부처의 말 필사집,코이케 류노스케,포레스트북스
143,영어로 문장 만들기 훈련 1차 임계점,유은하,사람in
144,총 균 쇠,재레드 다이아몬드,김영사
145,인간 실격,다자이 오사무,민음사
146,돈의 흐름은 되풀이된다,홍춘욱,포르체
147,손실은 짧게 수익은 길게,깡토,이레미디어
148,나는 가끔 나와 헤어지고 싶다,김진아,도서출판이곳
149,내게 남은 스물다섯 번의 계절,슈테판 셰퍼,서삼독
150,살아갈 날들을 위한 괴테의 시,김종원,퍼스트펭귄
151,ETS 토익 단기공략 750+ (LC+RC),ETS,YBM(와이비엠)
152,자본주의,EBS 〈자본주의〉제작팀,가나출판사
153,행동하지 않으면 인생은 바뀌지 않는다,브라이언 트레이시,현대지성
154,은행의 배신,심영철,테라코타
155,아이의 어휘력을 위한 66일 필사 노트,김종원,데이스타
156,히카루가 죽은 여름 6,모쿠모쿠렌,디앤씨미디어(D&C미디어)
157,블루 록 -Episode 나기- 6,카네시로 무네유키,학산문화사
158,행복할 거야 이래도 되나 싶을 정도로,일홍,부크럼
159,자유론,존 스튜어트 밀,현대지성
160,28시간에 끝내는 토익스피킹 스타트,황인기,시원스쿨닷컴
161,이재명에 관하여,김민석,메디치미디어
162,대온실 수리 보고서,김금희,창비
163,데미안,헤르만 헤세,민음사
164,"엔비디아 젠슨 황, 생각하는 기계",스티븐 위트,알에이치코리아(RHK)
165,알사탕,백희나,스토리보울
166,데일 카네기 자기관리론,데일 카네기,현대지성
167,[예스리커버] 행복의 기원,서은국,21세기북스
168,붙잡지 않는 삶,에크하르트 톨레,스노우폭스북스
169,2025 이기적 컴퓨터활용능력 2급 필기+실기 올인원,홍태성,영진닷컴
170,고래눈이 내리다,김보영,래빗홀
171,똑게육아,로리(김준희),북로스트
172,싯다르타,헤르만 헤세,민음사
173,스파클,최현진,창비
174,죽이고 싶은 아이,이꽃님,우리학교
175,요즘 교사를 위한 AI 수업 활용 가이드 with 2022 개정 교육과정,박진환,한빛미디어
176,불변의 법칙,모건 하우절,서삼독
177,순례 주택,유은실,비룡소
178,매일 1장 초등 국어 쓰기 습관의 기적 받아쓰기 2 : 초등 2학년,정서진,시원스쿨닷컴
179,어쩌다 좋은 일이 생길지도,요시타케 신스케,주니어김영사
180,찍히지 않습니다 1,코노시마 루카,소미미디어
181,아이가 친구 때문에 울 때,윤지영,서교책방
182,길 위의 뇌,정세희,한스미디어
183,패배 히로인이 너무 많아! SSS,아마모리 타키비,데이즈엔터
184,만화로 보는 1분 철학 관계수업,서정욱,중앙북스(books)
185,적절한 좌절,김경일,저녁달
186,"다시, 몸으로",김초엽,래빗홀
187,히카루가 죽은 여름 6 특별판,모쿠모쿠렌,디앤씨미디어(D&C미디어)
188,우린 아직 인터루드에 있어,엘 캐피탄,비에이블
189,최애의 아이 16,아카사카 아카,대원
190,내가 나라서 정말 좋아 필사 에디션,김지훤,길벗
191,칼의 노래,김훈,문학동네
192,셀럽병사의 비밀,KBS 셀럽병사의 비밀 제작팀,교보문고
193,믹스 MIX 23,아다치 미츠루,대원
194,마당을 나온 암탉,황선미,사계절
195,학생회에도 구멍은 있다! 9,무치마로,소미미디어
196,한 권으로 끝내는 해커스 토익 700+ (LC+RC+VOCA),해커스 어학연구소,해커스어학연구소
197,해커스 여행일본어 10분의 기적,해커스 일본어연구소,해커스어학연구소
198,달리기를 말할 때 내가 하고 싶은 이야기,무라카미 하루키,문학사상
199,데일 카네기 내면성장론,데일 카네기,현대지성
200,설민석의 삼국지 대모험 22,단꿈아이,단꿈아이
201,자유론,존 스튜어트 밀,책세상
202,시한부,백은별,바른북스
203,방구석 미술관 3,조원재,블랙피쉬
204,악마에 입문했습니다! 이루마 군 if Episode of 마피아(魔fia) 4 특장판,니시 오사무,서울미디어코믹스(서울문화사)
205,내가 틀릴 수도 있습니다,비욘 나티코 린데블라드,다산초당
206,별의 커비 울트라 슈퍼 푸푸푸 히어로 2,아오키 케이&미카마루,다산어린이
207,저스트 지저스 : 오직 예수,브라이언 박,규장
208,화장품은 한국이 1등입니다,박종대,경향비피
209,루리 드래곤 3,신도 마사오키,서울미디어코믹스(서울문화사)
210,임신 출산 육아 대백과 최신개정판,-,삼성출판사
211,갤럭시아스 GALAXIAS 2,하테사카 아오,서울미디어코믹스(서울문화사)
212,2025 해커스경찰 갓대환 형사법 진도별 문제풀이 1000제 2차 시험 대비,김대환,해커스경찰
213,오역하는 말들,황석희,북다
214,희랍어 시간,한강,문학동네
215,탁월하게 서글픈 자의식,박참새,마음산책
216,한밤중 하트튠 5,이가라시 마사쿠니,학산문화사
217,정재승의 인간 탐구 보고서 17,정재은,아울북
218,인생의 컨닝페이퍼,박종경,토네이도
219,그냥 하는 사람,김한균,온포인트
220,노르웨이의 숲,무라카미 하루키,민음사
221,1984,조지 오웰,민음사
222,죽이고 싶은 아이 2,이꽃님,우리학교
223,궤도,서맨사 하비,서해문집
224,"그런 날이 있잖아, 불행을 만났다가 잘 헤어진 날",배서영,캐스팅북스
225,썰레임 꿈의 악마 1 : 꿈을 파는 가게,썰레임,학산문화사(단행본)
226,어린 왕자 오리지널 초판본,앙투안 드 생텍쥐페리,코너스톤(도서)
227,참을 수 없는 존재의 가벼움,밀란 쿤데라,민음사
228,3000개 다른그림찾기,-,한빛에듀
229,건전지 할머니,강인숙,창비
230,침묵의 퍼레이드,히가시노 게이고,재인
231,나는 메트로폴리탄 미술관의 경비원입니다 (20만 부 양장 에디션),패트릭 브링리,웅진지식하우스
232,부자 아빠 가난한 아빠 20주년 특별 기념판,로버트 기요사키,민음인
233,이방인,알베르 까뮈,민음사
234,수박 수영장,안녕달,창비
235,나츠메 우인장 31,미도리카와 유키,학산문화사
236,초등일타과학,이광렬,코리아닷컴(Korea.com)
237,구슬쥬네 공부의 숲,구슬쥬,다산에듀
238,무적 이순신 6,박지연,아울북
239,부서지는 아이들,애비게일 슈라이어,웅진지식하우스
240,해커스 토익 실전 LC+RC 3 (모의고사+해설집),해커스 어학연구소,해커스어학연구소
241,마침내 멸망하는 여름,정,BOOKK(부크크)
242,착! 붙는 일본어 독학 첫걸음,일본어 공부기술연구소,시사일본어사
243,내면소통,김주환,인플루엔셜
244,제로 투 원 (10주년 기념판),피터 틸,한국경제신문사(한경비피)
245,페인트,이희영,창비
246,식탐 해방,저드슨 브루어,푸른숲
247,윈드 브레이커 공식 캐릭터북 극비 노트 특장판,니이 사토루,리디
248,2025 이지패스 ADsP 데이터분석 준전문가,전용문,위키북스
249,신광은 형사법 1개년 +a(최신기출) 최신판례 선택형 OX,신광은,느루
250,읽으면서 바로 써먹는 어린이 초등 교과 어휘,한날,파란정원
251,왜 그들만 부자가 되는가,필립 바구스,북모먼트
252,이재명의 나의 소년공 다이어리,이재명,팬덤북스
253,꽃을 보듯 너를 본다,나태주,지혜
254,지극히 사적인 일본,나리카와 아야,틈새책방
255,감정 호텔,리디아 브란코비치,책읽는곰
256,스토아 철학 영어 필사 101,퍼포먼스 코치 제이,넥서스
257,물고기는 존재하지 않는다,룰루 밀러,곰출판
258,천 개의 파랑,천선란,허블
259,쇼펜하우어 인생수업 2 : 한 번뿐인 삶 이렇게 살아라,쇼펜하우어,하이스트
260,어린이를 위한 철학자의 말,김종원,윌마
261,결핍은 우리를 어떻게 변화시키는가,센딜 멀레이너선,빌리버튼
262,관상진료학,마창석,BOOKK(부크크)
263,라키비움J 10호 : 그림책은 집,전은주,제이포럼
264,박태웅의 AI 강의 2025,박태웅,한빛비즈
265,동사×전치사 도감,권은희,길벗이지톡
266,샤워젤과 소다수,고선경,문학동네
267,진짜 쓰는 실무 엑셀,전진권,제이펍
268,한 권으로 끝내는 해커스 토익 800+ (LC+RC+VOCA),해커스 어학연구소,해커스어학연구소
269,만화로 읽으면 안 어려운 천문학,이즐라,더숲
270,더 퍼스트,유나바머,위즈덤하우스
271,일과 성공의 길을 묻다,마쓰시타 고노스케,지니의서재
272,무의식은 어떻게 나를 설계하는가,데이비드 이글먼,알에이치코리아(RHK)
273,고백해도 되는 타이밍,황영미,우리학교
274,영어가 바로 터지는 기적의 말하기 영단어 1000,이시원,시원스쿨닷컴
275,초역 채근담,홍자성,부키
276,거꾸로 읽는 세계사,유시민,돌베개
277,여름,이디스 워튼,민음사
278,신중년 꿈을 이루다,권미경,커리어컨설팅
279,장미와 나이프,히가시노 게이고,반타
280,독학으로 끝내는 공기업 NCS 통합기본서 (PSAT형+모듈형+피듈형),길잡이연구소,애드투북스
281,처음부터 시작하는 주식투자 단타전략,홍인기,길벗
282,엄마 도감,권정민,웅진주니어
283,천 년 집사 백 년 고양이 2,추정경,래빗홀
284,산 루이스 레이의 다리,손턴 와일더,클레이하우스
285,부모의 내면이 아이의 세상이 된다,대니얼 J. 시겔,페이지2북스
286,만화로 보는 3분 철학 세트,김재훈,카시오페아
287,2025 이기적 컴퓨터활용능력 1급 필기+실기 올인원,홍태성,영진닷컴
288,아몬드 (청소년판),손원평,다즐링
289,백년허리2 치료편,정선근,언탱글링
290,"큰별쌤 최태성의 별별한국사 시대별 기출문제집 한국사능력검정시험 심화(1,2,3급)",최태성,이투스북
291,유치원WARS 13,You Chiba,서울미디어코믹스(서울문화사)
292,비스킷 2,김선미,위즈덤하우스
293,조개껍데기를 찾으면,에이미 시쿠로,FIKAJUNIOR(피카주니어)
294,친구가 상처 줄 때 똑똑하게 나를 지키는 법,이현아,한빛에듀
295,황현필의 진보를 위한 역사,황현필,역바연
296,줬으면 그만이지,김주완,피플파워
297,안녕! 내 친구 코야,작은북,블루래빗
298,원씽 THE ONE THING,게리 켈러,비즈니스북스
299,원 모어,유승민,인북
300,매듭의 끝,정해연,현대문학
301,제철 행복,김신지,인플루엔셜
302,화산귀환 10,비가,러프미디어
303,내가 원하는 것을 나도 모를 때,전승환,북로망스
304,불안 세대,조너선 하이트,웅진지식하우스
305,어른의 기분 관리법,손힘찬,어센딩
306,내가 한 말을 내가 오해하지 않기로 함,문상훈,위너스북
307,쓸 만한 인간,박정민,상상출판
308,회색 인간,김동식,요다
309,오닉스 스톰 1,레베카 야로스,북폴리오
310,미움받을 용기 (200만 부 기념 스페셜 에디션),기시미 이치로,인플루엔셜
311,카구라바치 5 더블특전판,호카조노 타케루,대원
312,흰,한강,문학동네
313,2025 EBS 물류관리사 단기완성,전표훈,신지원
314,내가 본 미래,타츠키 료,도토리
315,최소한의 한국사,최태성,프런트페이지
316,소년과 두더지와 여우와 말,찰리 맥커시,상상의힘
317,월든,헨리 데이비드 소로우,은행나무
318,어서 오세요 실력지상주의 교실에 1학년 편 공식 가이드북 First File,키누가사 쇼고,소미미디어
319,코믹 블루록 32,카네시로 무네유키,학산문화사
320,켄 피셔 불변의 차트 90,켄 피셔,한국경제신문
321,된다! 하루 만에 끝내는 챗GPT 활용법,프롬프트 크리에이터,이지스퍼블리싱
322,Go Go 카카오프렌즈 36 포르투갈,김미영,아울북
323,된다! 조회수 터지는 유튜브 쇼츠 만들기,최지영,이지스퍼블리싱
324,김재우의 영어회화 100,김재우,상상스퀘어
325,해커스 일본어 첫걸음 히라가나 가타카나 쓰기노트,해커스 일본어연구소,해커스어학연구소
326,삐뽀삐뽀 119 이유식,하정훈,유니책방
327,이재명 평전,방현석,아시아
328,친구 자판기,조경희,노란돼지
329,장돌이네 떡집,김리리,비룡소
330,일의 감각,조수용,레퍼런스 바이 비(REFERENCE by B)
331,더 나은 어휘를 쓰고 싶은 당신을 위한 필사책,이주윤,빅피시
332,아주 작은 습관의 힘,제임스 클리어,비즈니스북스
333,그릿 (50만 부 판매 기념 리커버 골드에디션),앤절라 더크워스,비즈니스북스
334,세계를 건너 너에게 갈게,이꽃님,문학동네
335,책과 노니는 집,이영서,문학동네
336,나는 왜 아무것도 하기 싫을까,배종빈,포레스트북스
337,낭만 강아지 봉봉 8,홍민정,다산어린이
338,"책문, 이 시대가 묻는다",김태완,현자의마을
339,오만과 편견,제인 오스틴,민음사
340,이중 하나는 거짓말,김애란,문학동네
341,아이의 뇌,김붕년,포레스트북스
342,화산귀환 8,비가,러프미디어
343,"2025·2026 큰별쌤 최태성의 별별한국사 한국사능력검정시험 기본(4,5,6급)",최태성,이투스북
344,초판본 하늘과 바람과 별과 시,윤동주,더스토리
345,해커스 JLPT(일본어능력시험)기출단어장 N5-N3,해커스 JLPT 연구소,해커스어학연구소
346,흔한남매의 흔한 호기심 13,흔한남매,미래엔아이세움
347,긴키 지방의 어느 장소에 대하여,세스지,반타
348,ETS 토익 단기공략 850+ (LC+RC),ETS,YBM(와이비엠)
349,사랑의 기술,에리히 프롬,문예출판사
350,브람스를 좋아하세요...,프랑수아즈 사강,민음사
351,귀신 저택,미야베 미유키,북스피어
352,화산귀환 9,비가,러프미디어
353,하종화 계리직 우편·예금·보험일 파이널 동형 모의고사 5회차,하종화,오스틴북스
354,2026 써니 행정법총론 행정법으로의 초대,박준철,제이씨에듀
355,게으르게 살지만 부자는 되고 싶어,예프리,모티브
356,어른의 기분 관리법 : 심리학편,손힘찬,어센딩
357,내면소통 명상수업,김주환,인플루엔셜
358,JLPT(일본어능력시험) 한권으로 끝내기 N3,이치우,다락원
359,너도 하늘말나리야,이금이,밤티
360,지적 대화를 위한 넓고 얕은 지식 1,채사장,웨일북
361,불안이 사르르 사라지는 그림책,이다랑,길벗
362,오백 년째 열다섯 4,김혜정,위즈덤하우스
363,드디어 만나는 경제학 수업,미셸 케이건,현대지성
364,블랙북,김하연,슈크림북
365,이게 되네? 챗GPT 미친 활용법 71제,오힘찬,골든래빗
366,포스 윙,레베카 야로스,북폴리오
367,"오늘 밤, 세계에서 이 사랑이 사라진다 해도",이치조 미사키,모모
368,불편한 편의점,김호연,나무옆의자
369,타이탄의 도구들 (블랙 에디션),팀 페리스,토네이도
370,쓰는 인간,롤런드 앨런,상상스퀘어
371,함께 가는 길은 외롭지 않습니다 (당선 기념 리커버 에디션),이재명,위즈덤하우스
372,세상의 마지막 기차역,무라세 다케시,모모
373,처음 읽는 삼국지 2,이문열,미래엔아이세움
374,아홉 살에 시작하는 똑똑한 초등신문 3,신효원,책장속북스
375,푸른 사자 와니니,이현,창비
376,2026 SO NICE 백소나 소방관계법규 2,백소나,더나은
377,그래서 이런 법이 생겼대요,우리누리,길벗스쿨
378,주술회전 29 더블특장판,아쿠타미 게게,서울미디어코믹스(서울문화사)
379,그녀를 지키다,장바티스트 앙드레아,열린책들
380,손자병법:세상의 모든 전략과 전술,손무,교보문고
381,시장과 가격 쫌 아는 10대,석혜원,풀빛
382,체리새우 : 비밀글입니다,황영미,문학동네
383,해커스 보카 Hackers Vocabulary,David Cho,해커스어학연구소
384,요리를 한다는 것,최강록,클
385,키위엔 영어회화 하루 5분의 기적,박강준,키위엔
386,예수님의 육성 도마복음,김용옥,통나무
387,소맥거핀의 인체 친구들 4,소맥거핀,위즈덤하우스
388,코미 양은 커뮤증입니다 31,오다 토모히토,소미미디어
389,"입어주세요, 타카미네 양 9",히이라기 유이치,소미미디어
390,난 예술이야,미사,페이퍼독
391,바움가트너,폴 오스터,열린책들
392,2025 문동균 한국사 지방직 대비 실전 봉투모의고사,문동균,에스티유니타스
393,지적 대화를 위한 넓고 얕은 지식 무한,채사장,웨일북
394,전설로 떠나는 월가의 영웅,피터 린치,국일증권경제연구소
395,자연은 계산하지 않는다,로빈 월 키머러,다산북스
396,여름어 사전,아침달 편집부와 친구들,아침달
397,내 멋대로 빵빵빵빵,김지안,웅진주니어
398,대한민국 마지막 기회가 온다,김태유,서울대학교출판문화원
399,너를 미워할 시간에 나를 사랑하기로 했다,윤서진,스몰빅라이프
400,빨간내복야코 맞춤법 절대 안 틀리는 책 1,빨간내복야코,위즈덤하우스
401,삐뽀삐뽀 119 소아과,하정훈,유니책방
402,문병로 교수의 메트릭 스튜디오,문병로,김영사
403,죄와 벌 1,표도르 도스토예프스키,민음사
404,한 권으로 끝내는 해커스 토익 900+ (LC+RC+VOCA),해커스 어학연구소,해커스어학연구소
405,메리골드 마음 식물원 (아틀리에 컬렉션),윤정은,북로망스
406,2025 AI 트렌드 100,Ai100연구소,골든래빗
407,굿 에너지,케이시 민스,한국경제신문
408,고독한 용의자,찬호께이,위즈덤하우스
409,라이라이라이 3 더블특장판,요시아키,대원
410,"내가 연인이 될 수 있을 리 없잖아, 무리무리! (※무리가 아니었다?!) 7",미카미 테렌,소미미디어
411,잠자고 싶은 토끼,칼-요한 포셴 엘린,윌마
412,시든 꽃에 눈물을 1~2 세트,개,네이버웹툰유한회사
413,눈물을 마시는 새 세트,이영도,황금가지
414,흔한남매 이상한 나라의 고전 읽기 7,최재훈,미래엔아이세움
415,엄마를 만나러 가는 길 1,고먕,네이버웹툰유한회사
416,퇴마록 국내편 1,이우혁,반타
417,해커스 JLPT N3(일본어능력시험) 한권합격,해커스 JLPT 연구소,해커스어학연구소
418,히든 픽처스,제이슨 르쿨락,문학수첩
419,정의란 무엇인가,마이클 샌델,와이즈베리
420,노인과 바다,어네스트 밀러 헤밍웨이,민음사
421,사나운 독립,최지현,무제
422,사카모토 홀리데이즈 1,스즈키 유우토,대원
423,2025 해커스 투자자산운용사 한권합격 핵심개념+적중문제,백영,해커스금융
424,시계토끼 기본 토익스피킹,Jenny Cha,시계토끼
425,[예스리커버] 저속노화 식사법,정희원,테이스트북스
426,우중괴담,미쓰다 신조,북로드
427,몽실 언니,권정생,창비
428,부의 추월차선 (10주년 스페셜 에디션),엠제이 드마코,토트출판사
429,그냥 나로 살아도 괜찮아,천하이센,더페이지
430,2026 이유진 국어 독해 알고리즘 코어,이유진,에스티유니타스
431,야구×수학,류선규,페이스메이커
432,가속화 장기투자 법칙,임인홍(오일전문가),길벗
433,어느 날 문이 사라졌다,김은영,문학동네
434,원피스 ONE PIECE 110,오다 에이이치로,대원
435,흔한남매 18,흔한남매,미래엔아이세움
436,세이노의 가르침 100만 부 기념 특별보급판,세이노(SayNo),데이원
437,식단 혁명,조지아 에데,메디치미디어
438,두고 온 여름,성해나,창비
439,일본어 무작정 따라하기 완전판,후지이 아사리,길벗이지톡
440,방구석 미술관,조원재,블랙피쉬
441,아홉 살 마음 사전,박성우,창비
442,이토록 공부가 재미있어지는 순간,박성혁,다산북스
443,자기 앞의 생,로맹 가리,문학동네
444,CEO의 다이어리,스티븐 바틀렛,윌북(willbook)
445,2026 시나공 컴퓨터활용능력2급 필기 기본서,길벗알앤디,길벗
446,엄마를 만나러 가는 길 2,고먕,네이버웹툰유한회사
447,큰별쌤 최태성의 한국사신문 1 : 선사~통일 신라와 발해,최태성,아이스크림북스
448,김전일 37세의 사건부 18,아기 타다시,서울미디어코믹스(서울문화사)
449,부글부글 과자 공장,유하은,다산어린이
450,여름을 부탁해,토마쓰리,길벗어린이
451,마중도 배웅도 없이,박준,창비
452,설민석의 한국사 대모험 32,설민석,단꿈아이
453,율의 시선,김민서,창비
454,ETS 토익 정기시험 기출문제집 1000 Vol.3 READING 리딩,ETS,YBM(와이비엠)
455,죄와 벌 2,표도르 도스토예프스키,민음사
456,위대한 개츠비,F. 스콧 피츠제럴드,민음사
457,치유의 빛,강화길,은행나무
458,어른의 느슨함,와다 히데키,윌마
459,기울어진 평등,토마 피케티,와이즈베리
460,평범한 경음부 4,Kuwahali,서울미디어코믹스(서울문화사)
461,‘왜?’라고 묻는 아이들,오현선,한경키즈(한국경제신문)
462,마음,나쓰메 소세키,성림원북스
463,클래식 왜 안 좋아하세요?,권태영(탱로그),빅피시
464,원펀맨 ONE PUNCH MAN 32,ONE,대원
465,흔한남매 세계사 탐험대 3 로마 제국,흔한남매,주니어김영사
466,괴수 8호 RELAX 1,마츠모토 나오야,서울미디어코믹스(서울문화사)
467,평생 투자자,무라카미 요시아키,에프엔미디어
468,부모의 어휘력을 위한 66일 필사 노트,김종원,카시오페아
469,2025 선재국어 최우선 실전 봉투 모의고사,이선재,수비니겨
470,커서 AI 트렌드&활용백과,서승완,스마트북스
471,리얼 도쿄,양미석,한빛라이프
472,2025 시나공 컴퓨터활용능력1급 필기 기출문제집,길벗알앤디,길벗
473,[예스리커버] 고전이 답했다 마땅히 살아야 할 삶에 대하여,고명환,라곰
474,빨간내복야코 맞춤법 절대 안 틀리는 책 2,빨간내복야코,위즈덤하우스
475,해독 혁명,닥터 라이블리,웅진지식하우스
476,빨모쌤의 라이브 영어회화 (특별 부록 한정판),신용하,웅진지식하우스
477,하우스메이드,프리다 맥파든,북플라자
478,"왜 유명한 거야, 이 그림?",이유리,우리학교
479,브로콜리지만 사랑받고 싶어,별다름,키다리
480,백년허리1 진단편,정선근,언탱글링
481,[예스리커버] 어린 왕자,앙투안 드 생텍쥐페리,열린책들
482,진짜 하루만에 이해하는 해운·조선 산업,김성훈,티더블유아이지
483,채사장의 지대넓얕 13 : 철학의 두 갈래,채사장,돌핀북
484,두 사람의 인터내셔널,김기태,문학동네
485,여행의 이유,김영하,복복서가
486,기억 전달자,로이스 라우리,비룡소
487,찌그러져도 동그라미입니다,김창완,웅진지식하우스
488,중등 필독 신문,이현옥,체인지업
489,어디 있을까? 숨은그림찾기 1000,레이크 프레스,길벗스쿨
490,너를 아끼며 살아라,나태주,더블북
491,이세계 유유자적 농가 13,나이토 키노스케,데이즈엔터
492,더 화이팅 142,모리카와 죠지,학산문화사
493,타키 포오 네버 다이 과학 어드벤처 1 : 우주로 딥 다이브!,캐릭온TV,대원씨아이(단행)(대원키즈)
494,그물에 걸린 무지개 물고기,마르쿠스 피스터,시공주니어
495,변호사 어벤저스 6,고희정,가나출판사
496,처음 읽는 삼국지 1,이문열,미래엔아이세움
497,오십에 읽는 주역,강기진,유노북스
498,비스킷,김선미,위즈덤하우스
499,기분이 태도가 되지 말자,김수현(훈글),하이스트
500,불편한 편의점 2,김호연,나무옆의자
501,하루 한장 초등 영어 파닉스+발음기호,이문필,키즈프렌즈
502,ETS 토익 정기시험 기출문제집 1000 Vol.3 LISTENING 리스닝,ETS,YBM(와이비엠)
503,잘했고 잘하고 있고 잘 될 것이다 (50만 부 기념 전면 개정판),정영욱,부크럼
504,해커스 토익 스타트 RC Reading (리딩),David Cho,해커스어학연구소
505,같이 밥 먹고 싶은 아저씨 되는 법,김태균,몽스북
506,AI 리터러시 : 인공지능 필수 지식부터 완벽 활용까지,김용성,프리렉
507,이병한의 아메리카 탐문,이병한,서해문집
508,2026 문동균 한국사 한 권으로 모든 것을 정리하는 판서노트,문동균,에스티유니타스
509,2025 이유진 군무원 국어 화제의 모의고사 (봉투형),이유진,고시동네
510,대통령 윤석열 탄핵 사건 선고 결정문,헌법재판소,더휴먼
511,조혜련의 잘 보이는 성경이야기,조혜련,오제이엔터스컴
512,마법의 연금 굴리기,김성일,에이지21
513,당연하게도 나는 너를,이꽃님,우리학교
514,언젠가 우리가 같은 별을 바라본다면,차인표,해결책
515,어떻게 말해줘야 할까,오은영,김영사
516,빅터 프랭클의 죽음의 수용소에서,빅터 프랭클,청아출판사
517,빅터 프랭클의 죽음의 수용소에서,빅터 프랭클,청아출판사
518,밥을 지어요,김혜경,김영사
519,허영만의 주식 타짜 ― 슈퍼개미 이세무사,허영만,가디언
520,트럼프 시대의 지정학과 비트코인,오태민,거인의정원
521,2025 시대에듀 두산그룹 DCAT 온라인 종합적성검사 최신기출유형+모의고사 4회+무료두산특강,SDC,시대고시기획 시대교육
522,생각에 관한 생각,대니얼 카너먼,김영사
523,To LOVE 투 러브 (트러블) 다크니스 리커버 6,하세미 사키,서울미디어코믹스(서울문화사)
524,입시를 책임지는 초3 수학 캠프,류승재,21세기북스
525,코믹 고블린 슬레이어 외전 : 이어 원 12,카규 쿠모,디앤씨미디어(D&C미디어)
526,"네 꿈을 응원해, 권투 장갑!",유설화,책읽는곰
527,공간 인간,유현준,을유문화사
528,영어로 문장 만들기 훈련 2차 임계점,유은하,사람in
529,해피버쓰데이,백희나,스토리보울
530,AI 2025 트렌드&활용백과,김덕진,스마트북스
531,파리대왕,윌리엄 골딩,문예출판사
532,비전공자도 이해할 수 있는 AI 지식,박상길,비즈니스북스
533,멜로우TV 1 : 멜랑뚱땅 타워 탈출기,멜로우 TV,학산문화사(단행본)
534,해커스톡 여행영어 10분의 기적,해커스 어학연구소,해커스어학연구소
535,고백,미나토 가나에,비채
536,나의 라임 오렌지나무,J.M. 바스콘셀로스,동녘
537,왜 나는 너를 사랑하는가,알랭 드 보통,청미래
538,죠죠리온 22~24 합본 세트,아라키 히로히코,문학동네
539,선재국어 독해야 산다 1일 1독,이선재,수비니겨
540,REAL 리얼 16,이노우에 다케히코,대원
541,메뉴판 해석학: 일본편,배상준,애플북스
542,초등 필수 고전 인문학 수업,임성훈,피카(FIKA)
543,교사를 위한 챗GPT 업무활용 99제,최서연,테크빌교육
544,2025 시나공 정보처리기능사 필기 기본서,길벗알앤디,길벗
545,경제신문이 말하지 않는 경제 이야기,임주영,민들레북
546,당신의 세계는 아직도 바다와  빗소리와 작약을 취급하는지,김경미,민음사
547,나는 오래된 거리처럼 너를 사랑하고,진은영,문학과지성사
548,관촌수필,이문구,문학과지성사
549,토요일의 심리클럽,김서윤,창비
550,Do it! LLM을 활용한 AI 에이전트 개발 입문,이성용,이지스퍼블리싱
551,[예스리커버] 내 몸 혁명,박용우,루미너스
552,내 감정의 속사정,미즈시마 히로코,생각의날개
553,후 Who? special 이재명,비타민,다산어린이
554,2026 심승아 Simple‧Detail 심테일 소방관계법규 2,심승아,메가공무원(넥스트스터디)
555,이재명 시대 경제 대예측,매일경제 경제부,매일경제신문사
556,진짜의 마인드,김찬희(김진짜),터닝페이지
557,수능을 좌우하는 중학 국어 공부법,김민정,노르웨이숲
558,2026 신경향 이동기 공무원 VOCA,(주)이앤미래(이동기),지금(도서출판)
559,타키 포오 얼렁뚱땅 상식스쿨 6,캐릭온TV,대원씨아이(단행)(대원키즈)
560,2026 해커스공무원 신민숙 쉬운국어 한 권으로 끝,신민숙,해커스공무원
561,이호선의 나이 들수록 : 관계편,이호선,은행나무
562,부모의 질문력,김종원,다산북스
563,2025 위포트 공기업 NCS 통합기본서 (PSAT형+모듈형+피듈형+실전 모의고사),위포트 연구소,위포트
564,백년목2 치료편,정선근,언탱글링
565,[예스리커버] 부모의 어휘력 벚꽃 에디션,김종원,카시오페아
566,이동 평균선 투자법,고지로 강사,이레미디어
567,용선생 교과서 세계사 2,사회평론 역사연구소,사회평론
568,오래 보고 싶었다,나태주,더블북
569,맡겨진 소녀,클레어 키건,다산책방
570,사피엔스 : 그래픽 히스토리 Vol.1,유발 하라리,김영사
571,바깥은 여름,김애란,문학동네
572,동물농장,조지 오웰,민음사
573,슈퍼 히어로의 방귀 작전,안영은,주니어김영사
574,탁주쪼꼬 과학 레벨 업 2,탁주쪼꼬,주니어김영사
575,2025 해커스 LH 한국토지주택공사 NCS+전공 봉투모의고사,해커스 NCS 취업교육연구소,해커스잡
576,예수 동행 오직 믿음,유기성,규장
577,완벽한 종목 추천,폴 존슨,에프엔미디어
578,비트코인의 시대,김창익,다산북스
579,부모의 말 수업,힐랄 비릿,피카(FIKA)
580,2025 신용한 행정학 실전과 가장 유사한 지방직 9급 모의고사,신용한,메가공무원(넥스트스터디)
581,"다시, 공부머리 독서법",최승필,책구루
582,2025 지텔프 공식 기출문제집,시원스쿨어학연구소,시원스쿨닷컴
583,루리 드래곤 2,신도 마사오키,서울미디어코믹스(서울문화사)
584,찬란한 멸종,이정모,다산북스
585,2025 이기적 컴퓨터활용능력 2급 필기 기본서,홍태성,영진닷컴
586,이 지랄맞음이 쌓여 축제가 되겠지,조승리,달
587,메스를 든 사냥꾼,최이도,해피북스투유
588,위기의 역사,오건영,페이지2북스
589,[예스리커버] NEW 미꽃체 손글씨 노트,최현미,시원북스
590,Do it! 점프 투 파이썬,박응용,이지스퍼블리싱
591,아버지의 해방일지,정지아,창비
592,프로젝트 헤일메리,앤디 위어,알에이치코리아(RHK)
593,웬만해선 아무렇지 않다,이기호,마음산책
594,수레바퀴 아래서,헤르만 헤세,민음사
595,누구도 대신 살아 주지 않는다,브라이언 트레이시,오픈도어북스
596,황천의 츠가이 8,아라카와 히로무,대원
597,이세계 삼촌 12,호톤도신데이루,데이즈엔터
598,너를 너무너무너무너무 좋아하는 100명의 그녀 18,나카무라 리키토,학산문화사
599,5無 교회가 온다,황인권,ikp
600,길고양이와 늑대 5 더블특전판,미츠바치 미유키,학산문화사
601,아홉 살 환경 사전,박성우,창비
602,신기한 맛 도깨비 식당 9,김용세,꿈터
603,2025 오직 간호대생을 위한 간호사 면접,주선희,홍지문
604,80대20 러닝 훈련법,맷 피츠제럴드,빌리버튼
605,삶이 당신을 사랑한다는 걸 잊지 마세요,달리아 이정현,생각의힘
606,꼭 그런 건 아니야,매튜 매커너히,서삼독
607,2025 단기 합격 해커스공기업 NCS 통합 기본서(필수과목+전략과목+모의고사 5회분),윤종혁,해커스공기업
608,시간 유전자,김혜정,라임
609,김재우의 구동사 100,김재우,상상스퀘어
610,사피엔스 : 그래픽 히스토리 Vol.3 역사의 배후,유발 하라리,김영사
611,게으른 자를 위한 수상한 화학책,이광렬,블랙피쉬
612,용선생 교과서 세계사 1,사회평론 역사연구소,사회평론
613,10일 만에 끝내는 해커스 OPIc 오픽 Advanced 공략,해커스 오픽연구소,(주)해커스
614,어른의 어휘력,유선경,앤의서재
615,해커스 토익 실전 1000제 1 RC Reading (리딩) 문제집,해커스 어학연구소,해커스어학연구소
616,"나태주, 시간의 쉼표",나태주,서울문화사
617,지적 대화를 위한 넓고 얕은 지식 2,채사장,웨일북
618,해커스 토익 스타트 LC Listening (리스닝),David Cho,해커스어학연구소
619,원칙 PRINCIPLES,레이 달리오,한빛비즈
620,핑크펭귄,빌 비숍,스노우폭스북스
621,당신의 이름을 지어다가 며칠은 먹었다,박준,문학동네
622,프린들 주세요,앤드루 클레먼츠,사계절
623,내 마음 ㅅㅅㅎ,김지영,사계절
624,세계사를 바꾼 와인 이야기,나이토 히로후미,사람과나무사이
625,2026 시나공 컴퓨터활용능력1급 필기 기본서,길벗알앤디,길벗
626,어제보다 조금 더 깊이 걸었습니다,김용규,디플롯
627,2025 시나공 컴퓨터활용능력 2급 필기 기출문제집,길벗알앤디,길벗
628,한석준의 대화의 기술,한석준,인플루엔셜
629,나는 0원으로 강남 건물주보다 월세 많이 받는 온라인 건물주로 산다,알파남(김지수),타이탄북스
630,"몸, 내 안의 우주",남궁인,문학동네
631,두선생의 지도로 읽는 세계사 : 동양 편,한영준,21세기북스
632,똑게육아 올인원,로리(김준희),북로스트
633,2025 에듀윌 공인중개사 1차 기출응용 예상문제집 민법 및 민사특별법,심정욱,에듀윌
634,빨간내복야코 어린이 상식 2 사자성어,빨간내복야코,아울북
635,혼자의 시간으로 더 깊어지는 법에 관하여,레누카 가브라니,퍼스트펭귄
636,빨간내복야코 안 읽으면 완전 위험한 과학책 2,빨간내복야코,위즈덤하우스
637,악마와 함께 춤을,크리스타 K. 토마슨,흐름출판
638,빨간내복야코 안 읽으면 완전 위험한 과학책 1,빨간내복야코,위즈덤하우스
639,"세상을 보는 눈, 뉴스툰 1 동아시아",뉴스툰,펜타클
640,ETS 토익 단기공략 950+ (LC+RC),ETS,YBM(와이비엠)
641,말하고 싶은 비밀,사쿠라 이이요,모모
642,생각이 너무 많은 어른들을 위한 심리학,김혜남,메이븐
643,물어보기 부끄러워 묻지 못한 부동산 상식,이찬종,새로운제안
644,루리 드래곤 1,신도 마사오키,서울미디어코믹스(서울문화사)
645,어린이희곡 노잣돈 갚기 프로젝트,김진희,문학동네
646,사피엔스 : 그래픽 히스토리 Vol.2,유발 하라리,김영사
647,밝은 밤,최은영,문학동네
648,세상을 따뜻하게 만드는 착한 디자인 이야기,정유리,팜파스
649,어떻게 민주주의는 무너지는가,스티븐 레비츠키,어크로스
650,용의자 X의 헌신,히가시노 게이고,재인
651,나는 3학년 2반 7번 애벌레,김원아,창비
652,호밀밭의 파수꾼,제롬 데이비드 샐린저,민음사
653,수면의 뇌과학,크리스 윈터,현대지성
654,달샤베트,백희나,스토리보울
655,스토너 초판본,존 윌리엄스,알에이치코리아(RHK)
656,현명한 투자자 1,벤저민 그레이엄,국일증권경제연구소
657,2025 해커스 외환전문역 1종 최종핵심정리문제집,민영기,해커스금융
658,백앤아 9,백앤아,샌드박스스토리 키즈
659,흔한남매 과학 탐험대 13 생식과 유전,흔한남매,주니어김영사
660,비폭력대화,마셜 로젠버그,한국NVC센터
661,큰별쌤과 재미있게 공부하는 초등 한국사능력검정시험,최태성,이투스북
662,[예스리커버] 나를 소모하지 않는 현명한 태도에 관하여,마티아스 뇔케,퍼스트펭귄
663,스테이블코인,박예신,더난출판사
664,좋은 일이 오려고 그러나 보다 (리커버판),박여름,히읏
665,주식투자 무작정 따라하기,윤재수,길벗
666,새의 선물,은희경,문학동네
667,세상에서 가장 쉬운 하고 싶은 일 찾는 법,야기 짐페이,소미미디어
668,생각하라 그리고 부자가 되어라,나폴레온 힐,반니
669,할머니의 용궁 여행,권민조,천개의바람
670,일본어 잘하고 싶을 땐 다락원 독학 첫걸음,정의상,다락원
671,달러는 왜 비트코인을 싫어하는가,사이페딘 아모스,터닝포인트
672,지방 대사 켜는 스위치온 다이어트,박용우,루미너스
673,패권의 비밀,김태유,서울대학교출판문화원
674,숨결이 바람 될 때,폴 칼라니티,흐름출판
675,바다 100층짜리 집,이와이 도시오,북뱅크
676,서아쌤의 토익 비밀과외 START,최서아,시원스쿨닷컴
677,기획자로 산다는 것,카카,길벗
678,어린이는 멀리 간다,김지은,창비
679,우주항공 투자의 시대가 온다,하인환,위너스북
680,법의학자 유성호의 유언 노트,유성호,21세기북스
681,너랑 나랑 바람을 핥으면,김여진,FIKAJUNIOR(피카주니어)
682,운의 메커니즘,서태양,아우름
683,오가미 츠미키와 기일상 2 트리플 특전판,모리시타 미유,학산문화사
684,천 번을 부서져도 그대는 여전히 바다다,정상교,스몰빅라이프
685,하우스메이드 2,프리다 맥파든,북플라자
686,나답게 살고 싶어서 뇌과학을 읽습니다,이케가야 유지,포레스트북스
687,이어령의 말,이어령,세계사
688,스쳐지나갈 것들로 인생을 채우지 마라,고은미,한밤의책
689,아가미 (리커버),구병모,위즈덤하우스
690,회복탄력성,김주환,위즈덤하우스
691,2025 2차 대비 강해준 경찰학 전범위 모의고사,강해준,새시대
692,야무진 고양이는 오늘도 우울 10,야마다 히츠지,소미미디어
693,리더의 길을 묻다,마쓰시타 고노스케,지니의서재
694,마흔에 읽는 비트겐슈타인,임재성,유노북스
695,서울대 공대 아빠의 수학 비밀 노트,이창준,비타북스(VITABOOKS)
696,프란시스코의 나비,프란시스코 히메네스,다른
697,비눗방울 퐁,이유리,민음사
698,빅 트레이더의 주도주 매매법,서희파더(이재상),이레미디어
699,2025 에듀윌 고졸 검정고시 핵심총정리,김지상,에듀윌
700,도둑맞은 집중력,요한 하리,어크로스
701,오백 년째 열다섯,김혜정,위즈덤하우스
702,노희영의 브랜딩 법칙,노희영,21세기북스
703,지적 대화를 위한 넓고 얕은 지식 제로,채사장,웨일북
704,시지프 신화,알베르 까뮈,민음사
705,재미있다! 한국사 4,구완회,창비
706,"식탁 위의 권력, 미식 경제학",쑤친,이든서재
707,동공이 약사의 알찬 약국,동공이 약사,미래의창
708,감정 서커스,리디아 브란코비치,책읽는곰
709,슈독,필 나이트,사회평론
710,쉽게 배워 바로 돈 버는 부동산 경매 투자,당근자판기(김진옥),길벗
711,TV 애니메이션 SPY×FAMILY 공식 가이드북 MISSION REPORT : 221001-1224,엔도 타츠야,학산문화사
712,에반게리온 ANIMA 1,야마시타 이쿠토,대원
713,"코믹 남녀의 우정은 성립할까? (아니, 하지 않아!!) 1",나나나 나나,소미미디어
714,비실비실 선생님 6,후쿠치 카미오,대원
715,봄의 폭풍과 몬스터 6,미츠바치 미유키,학산문화사
716,광물 전쟁,어니스트 샤이더,위즈덤하우스
717,회복탄력성의 뇌과학,아디티 네루카,현대지성
718,더 코워커,프리다 맥파든,해피북스투유
719,웬만해선 죽을 수 없는 최고령 사교 클럽,클레어 풀리,책깃
720,교사를 지키는 단단한 학급경영,이종혁,테크빌교육
721,2025 에듀윌 공인중개사 1차 기출응용 예상문제집 부동산학개론,이영방,에듀윌
722,딱 맞는 돌을 찾으면,메리 린 레이,FIKAJUNIOR(피카주니어)
723,4×4의 세계,조우리,창비
724,별별 직업 상담소,요시타케 신스케,주니어김영사
725,퇴마록 국내편 2,이우혁,반타
726,2025 에듀윌 공인중개사 1차 단원별 기출문제집 민법 및 민사특별법,심정욱,에듀윌
727,나의 두 번째 교과서 X 이진우의 다시 만난 경제,이진우,페이지2북스
728,나는 AI와 공부한다,살만 칸,알에이치코리아(RHK)
729,경제기사 궁금증 300문 300답,곽해선,혜다
730,월 50만 원으로 8억 만드는 배당머신,평온,이나우스북스
731,만화 나 혼자만 레벨업 13,추공,디앤씨웹툰비즈
732,즐거운 어른 (스페셜 양장본),이옥선,이야기장수
733,왜 당신은 다른 사람을 위해 살고 있는가,고윤,딥앤와이드
734,귀신들의 땅,천쓰홍,민음사
735,날씨가 좋으면 찾아가겠어요,이도우,수박설탕
736,"돈, 뜨겁게 사랑하고 차갑게 다루어라",앙드레 코스톨라니,미래의창
737,ETS 토익 정기시험 실전 1000 Vol. 1 LC(리스닝),ETS,YBM(와이비엠)
738,"오늘 밤, 세계에서 이 눈물이 사라진다 해도",이치조 미사키,모모
739,ETS 토익 정기시험 기출입문서 RC 리딩,ETS,YBM(와이비엠)
740,부자의 그릇 (블랙 에디션),이즈미 마사토,다산북스
741,백년운동,정선근,아티잔
742,가재가 노래하는 곳,델리아 오언스,살림출판사
743,슈퍼 히어로의 똥 닦는 법,안영은,책읽는곰
744,100층짜리 집,이와이 도시오,북뱅크
745,차라투스트라는 이렇게 말했다,프리드리히 니체,민음사
746,아이들의 집,정보라,열림원
747,나태주의 풀꽃 인생수업,나태주,니들북
748,친구의 전설,이지은,웅진주니어
749,영어회화 핵심패턴 233,백선엽,길벗이지톡
750,할머니의 여름휴가,안녕달,창비
751,스파이 패밀리 노벨라이즈 2,와다 히토미,학산문화사
752,"남녀의 우정은 성립할까? (아니, 하지 않아!!) 1",나나나 나나,소미미디어
753,부덕의 길드 14,카와조에 타이치,학산문화사
754,버럭 할머니와 달평 씨,신민재,책읽는곰
755,얼굴만으론 좋아할 수 없어요 13,안자이 카린,서울미디어코믹스(서울문화사)
756,10대를 위한 비트코인과 화폐의 역사,김지훈,체인지업
757,사는 동안 틈틈이 행복합시다,박근호,히읏
758,"삶의 실력, 장자",최진석,위즈덤하우스
759,리와인드 베이커리,범유진,슈크림북
760,배당성장주 투자 불변의 법칙,현영준(한라산불곰),체인지업
761,에그박사 14,에그박사,미래엔아이세움
762,타운하우스,전지영,창비
763,해리 포터와 마법사의 돌 1,J.K. 롤링,문학수첩
764,2025 에듀윌 고졸 검정고시 5개년 기출문제집,김지상,에듀윌
765,해커스 일본어 상용한자 2136,해커스 일본어연구소,해커스어학연구소
766,해커스 하루 딱! 10분 일본어 일상 단어 (단어장),해커스 일본어연구소,해커스어학연구소
767,레버리지,롭 무어,다산북스
768,JLPT(일본어능력시험) 한권으로 끝내기 N5,이치우,다락원
769,초역 니체의 말,프리드리히 니체,삼호미디어
770,넛지: 파이널 에디션,리처드 탈러,리더스북
771,몬스터 차일드,이재문,사계절
772,오늘은 아무래도 덮밥,이마이 료,참돌
773,"엄마, 나는 자라고 있어요",헤티 판 더 레이트,북폴리오
774,지금 이대로 좋다,법륜,정토출판
775,담을 넘은 아이,김정민,비룡소
776,우리가 빛의 속도로 갈 수 없다면,김초엽,허블
777,생각의 비밀,김승호,황금사자
778,10대를 위한 JUSTICE 정의란 무엇인가,마이클 샌델,미래엔아이세움
779,어서 오세요! ㄱㄴㄷ 뷔페,최경식,위즈덤하우스
780,거꾸로 읽는 교회사,최종원,복있는사람
781,도시문헌학자 김시덕의 강남,김시덕,인플루엔셜
782,파인만의 여섯가지 물리 이야기,리처드 필립 파인만,승산
783,달과 6펜스,윌리엄 서머싯 몸,민음사
784,록은 숙녀의 소양이기에 6,후쿠다 히로시,대원
785,2025 재경관리사 기출문제집,삼일회계법인,삼일인포마인
786,감량 혁명,김희준,메가스터디북스
787,알트코인으로 졸업합니다,김동환,국일증권경제연구소
788,2025 주택과 세금,국세청 부동산납세과,동원피엔지
789,천근아의 느린 아이 부모 수업,천근아,웅진지식하우스
790,2025 써니 행정법총론 실전동형 모의고사,박준철,에스티유니타스
791,생각의 도약,도야마 시게히코,페이지2북스
792,푸른 사자 와니니 7,이현,창비
793,느리게 나이 드는 습관,정희원,한빛라이프
794,오픽노잼,오픽노잼,PAGODA Books
795,ETS 토익 정기시험 실전 1000 Vol. 1 RC(리딩),ETS,YBM(와이비엠)
796,건전지 엄마,강인숙,창비
797,영어회화 100일의 기적 (출간 10주년 기념 특별판),문성현,넥서스
798,해커스 토익 실전 1000제 3 RC Reading (리딩) 문제집,해커스 어학연구소,해커스어학연구소
799,ETS 토익 정기시험 기출입문서 LC 리스닝,ETS,YBM(와이비엠)
800,컬러 몬스터,아나 예나스,청어람아이(청어람미디어)
801,수급단타왕 수급매매 절대비기,고명환,메가스터디북스
802,해리엇,한윤섭,문학동네
803,카타리나 블룸의 잃어버린 명예,하인리히 뵐,민음사
804,애정 행각,니키 리,마음산책
805,기꺼이 소란하고 다정하기로 해,조수연,코리아닷컴(Korea.com)
806,팥빙수의 전설,이지은,웅진주니어
807,수업의 본질,김태현,교육과실천
808,Holoearth Chronicle Side : E 야마토 가상괴이담 1~2 합본판,커버 주식회사,디앤씨미디어(D&C미디어)
809,나를 아프게 한 말들이 모두 진실은 아니었다,마르쿠스 아우렐리우스,모티브
810,2026 SO NICE 백소나 소방학개론,백소나,더나은
811,2026 선재국어 이렇게 나온다 신유형 공무원 국어,이선재,에스티유니타스
812,케첩 스파게티,라이너 하흐펠트,서교책방
813,미국 주식이 답이다 2026,장우석,페이지2북스
814,UNLOCK AI 언락 AI,조용민,테라코타
815,소설 보다: 봄 2025,강보라,문학과지성사
816,해외선물 처음공부,김직선,이레미디어
817,시계탕,권정민,웅진주니어
818,2025 알기사 정보보안기사(산업기사) 실기,정일영,지안에듀
819,2025 시대에듀 투자자산운용사 한권으로 끝내기 ver 15,유창호,시대고시기획 시대교육
820,심장보다 단단한 토마토 한 알,고선경,열림원
821,불꽃 수영 대회,신현경,북스그라운드
822,읽으면서 바로 써먹는 어린이 OX 퀴즈,한날,파란정원
823,몰입 확장판,황농문,알에이치코리아(RHK)
824,최민준의 아들코칭 백과,최민준,위즈덤하우스
825,일본어 문법 무작정 따라하기,후지이 아사리,길벗이지톡
826,해커스 일본어 JLPT N5 (일본어능력시험) 한 권으로 합격,해커스 JLPT 연구소,해커스어학연구소
827,건전지 아빠,전승배,창비
828,왜 일하는가,이나모리 가즈오,다산북스
829,명상록,마르쿠스 아우렐리우스,현대지성
830,누구를 구할 것인가?,토머스 캐스카트,문학동네
831,지뢰 글리코,아오사키 유고,리드비(READbie)
832,의젓한 사람들,김지수,양양하다
833,호수 모자,유경미,아소비책방
834,일억 번째 여름,청예,창비
835,살롱 드 경성 2,김인혜,해냄
836,지리의 힘 3,팀 마샬,사이
837,100 인생 그림책,하이케 팔러,사계절
838,"다시, 김민석",김민석,미래출판기획
839,비밀 THE TOP SECRET season0 (12),시미즈 레이코,서울미디어코믹스(서울문화사)
840,검을 든 꽃 1~4 세트,은소로,연담
841,오십에 읽는 논어,최종엽,유노북스
842,Re : 제로부터 시작하는 이세계 생활 38,나가츠키 탓페이,데이즈엔터
843,핸즈온 LLM,제이 알아마르,한빛미디어
844,2025 에듀윌 TESAT 회차별 기출문제집+무료특강,조시현,에듀윌
845,타인에게 기대하지 않는 삶을 위한 안내서,외르크 베르나르디,필름
846,2025 강해준 경찰학 NEW 필기노트,강해준,새시대
847,2025 에듀윌 공인중개사 1차 단원별 기출문제집 부동산학개론,이영방,에듀윌
848,리얼 이탈리아,양미석,한빛라이프
849,불량한 자전거 여행,김남중,창비
850,2025 굿잡!하지영쌤 직업상담사2급 1차 필기,하지영,직업상점
851,해리 포터와 마법사의 돌 2,J.K. 롤링,문학수첩
852,2025 에듀윌 위험물산업기사 필기 2주끝장 [이론편+기출문제편],최창률,에듀윌
853,2025 에듀윌 전기 전기기능사 필기 한권끝장 (핵심이론+8개년 기출),유치형,에듀윌
854,말투만 바꿨을 뿐인데,김민성,프로파일러 북스
855,1%를 읽는 힘,메르,토네이도
856,10일 만에 끝내는 해커스 OPIc 오픽 START (Intermediate 공략),해커스 오픽연구소,(주)해커스
857,네 기분은 어떤 색깔이니?,최숙희,책읽는곰
858,나미야 잡화점의 기적,히가시노 게이고,현대문학
859,서툰 어른 처방전,박대선,강한별
860,당신은 결국 무엇이든 해내는 사람,김상현,필름
861,"어서 오세요, 휴남동 서점입니다",황보름,클레이하우스
862,다정한 것이 살아남는다,브라이언 헤어,디플롯
863,군주론,니콜로 마키아벨리,현대지성
864,"칵테일, 러브, 좀비",조예은,안전가옥
865,스크루테이프의 편지,C. S. 루이스,홍성사
866,종의 기원,정유정,은행나무
867,재미있다! 한국사 5,구완회,창비
868,삶으로 다시 떠오르기,에크하르트 톨레,연금술사
869,고래,천명관,문학동네
870,젊은 베르테르의 슬픔,요한 볼프강 폰 괴테,민음사
871,왼손에게,한지원,사계절
872,딸기를 먹을 때는 울지 않기로 해,류라이,자크드앙
873,"촌구석 아저씨, 검성이 되다 7",나베시마 테츠히로,대원
874,나는 재림예수로 깨어나기 전까지 이렇게 살았다,슈카이브,아이엠
875,대한민국 제21대 대통령 이재명 희망의 대한민국,대한민국,대한의소리
876,남자를 싫어하는 미인 자매를 이름도 알리지 않고 구해주면 어떻게 될까? 6,묭,소미미디어
877,문해력 격차,김지원,어크로스
878,단다단 17,타츠 유키노부,대원
879,친구 사이에도 예의가 필요해,한진아,길벗스쿨
880,만화로 배우는 영어 구동사,김도균,시대에듀
881,건강지속력,조셉킴,보리
882,현직 교사가 만든 업무자동화를 원하는 교사를 위한 찐 실전 챗GPT 생성형 AI 수업 업무 대혁명 - 1시간 걸리는 일을 단 10분안에 끝내기,손지선,광문각출판미디어
883,히카루가 죽은 여름 5,모쿠모쿠렌,디앤씨미디어(D&C미디어)
884,2025 프로야구 가이드북,나유리,브레인스토어(BRAINstore)
885,2025 국가공인 재경관리사 K-IFRS 재무회계,삼일회계법인,삼일인포마인
886,아이의 행동이 저절로 바뀌는 훈육의 정석,김보경,빅피시
887,흔한남매 과학 탐험대 12 공룡과 화석,흔한남매,주니어김영사
888,2025 에듀윌 취업 공기업기출 일반상식,에듀윌상식연구소,에듀윌
889,혼자 해도 프로 선생님처럼 잘 만드는 학교 수업 자료 with 캔바 Canva,김태훈,한빛미디어
890,주아쌤의 툭 치면 탁 나오는 영어회화 (해외 여행 에디션),이정은,몽스북
891,2025 산업안전기사 필기+무료동영상+핸드북,최윤정,구민사
892,나는 왜 남들보다 쉽게 지칠까,최재훈,서스테인
893,백년목1 진단편,정선근,언탱글링
894,장수탕 선녀님,백희나,스토리보울
895,내가 아직 쓰지 않은 것,최승호 외,문학동네
896,해커스 토플 라이팅(Hackers TOEFL Writing),David Cho,해커스어학연구소
897,여덟 단어,박웅현,인티N
898,아비투스,도리스 메르틴,다산초당
899,오백 년째 열다섯 2,김혜정,위즈덤하우스
900,이은경쌤의 초등어휘일력 365,이은경,포레스트북스
901,부의 인문학 (20만부 기념 개정증보판),브라운스톤(우석),오픈마인드
902,속뜻풀이 초등국어사전 (2025),전광진,속뜻사전교육출판사
903,행운이 너에게 다가오는 중,이꽃님,문학동네
904,데일 카네기 인간관계론 + 자기관리론 + 성공대화론 (합본),데일 카네기,더스토리
905,종의 기원,찰스 로버트 다윈,사이언스북스
906,순전한 기독교,C. S. 루이스,홍성사
907,하루 5분 아침 일기,인텔리전트 체인지,심야책방
908,해가 지는 곳으로,최진영,민음사
909,지킬 박사와 하이드 씨,로버트 루이스 스티븐슨,비룡소
910,눈물 상자,한강,문학동네
911,알사탕 제조법,백희나,스토리보울
912,구름빵,백희나,한솔수북
913,어떻게 극단적 소수가 다수를 지배하는가,스티븐 레비츠키,어크로스
914,사과는 이렇게 하는 거야,데이비드 라로셀,블루밍제이
915,파쇄,구병모,위즈덤하우스
916,전지적 원어민 시점 보이는 영문법,주지후,드림스쿨
917,S 수학도둑 1 : 미스터리한 소년의 등장,송도수,서울문화사
918,역사의 쓸모 (특별 합본판),최태성,프런트페이지
919,AI로 7일 만에 사업 시작하기,김다솔,길벗
920,사카모토 홀리데이즈 1 특별판,스즈키 유우토,대원
921,가끔씩 툭하고 러시아어로 부끄러워하는 옆자리의 아랴 양 9,SUN SUN SUN,디앤씨미디어(D&C미디어)
922,경찰 헌법도약 기출문제집,이국령,윌비스
923,2025 심우철 실전 동형 모의고사 Season 4,심우철,심슨북스
924,봄밤의 모든 것,백수린,문학과지성사
925,나는 보았습니다,박진여,김영사
926,2025 수제비 정보처리기사 실기 기본서,윤영빈,수제비
927,"아이에게 딱 하나만 가르친다면, 자기 조절",김효원,웨일북
928,2025 에듀윌 위험물산업기사 실기 2주끝장,최창률,에듀윌
929,만성질환 자연치료 식이요법 갭스 (GAPS diet),나타샤 캠벨,겸엑스
930,멜로우TV 2 : 어쩌다 게임 오버?!,멜로우 TV,학산문화사(단행본)
931,빨간내복야코 어린이 상식 1 속담,빨간내복야코,아울북
932,가난한 찰리의 연감,찰리 멍거,김영사
933,왜왜왜 동아리,진형민,창비
934,아이에게 들려주는 부모의 예쁜 말 필사노트,김종원,상상아카데미
935,기적의 항암 식단,김훈하,경향비피
936,철학의 쓸모,로랑스 드빌레르,피카(FIKA)
937,2025 에듀윌 산업안전기사 필기 한권끝장 [이론편+기출문제편],최창률,에듀윌
938,소설판 사카모토 데이즈 : 킬러들의 방식,미사키 렌카,대원
939,만화 나 혼자만 레벨업 11,추공,디앤씨웹툰비즈
940,모모 MOMO,미하엘 엔데,비룡소
941,"암호명, 래빗",김미숙,현암주니어
942,나의 돈 많은 고등학교 친구,송희구,서삼독
943,부자의 언어(양장 리커버 골드씨드 에디션),존 소포릭,윌북(willbook)
944,해커스 토익 실전 1000제 1 LC Listening (리스닝) 문제집,해커스 어학연구소,해커스어학연구소
945,읽으면서 바로 써먹는 어린이 급수 한자 6·7·8급,한날,파란정원
946,룩 백,후지모토 타츠키,학산문화사
947,만화로 보는 3분 철학 1,김재훈,카시오페아
948,소크라테스 익스프레스,에릭 와이너,어크로스
949,해커스 일본어 JLPT N4 (일본어능력시험) 한 권으로 합격,해커스 JLPT 연구소,해커스어학연구소
950,슬픔을 공부하는 슬픔,신형철,한겨레출판
951,하나님의 열심,박영선,무근검(남포교회출판부)
952,바르톨로메는 개가 아니다,라헐 판 코에이,사계절
953,데미안 : 오리지널 초판본 표지디자인,헤르만 헤세,코너스톤(도서)
954,사자왕 형제의 모험 (리커버 한정판),아스트리드 린드그렌,창비
955,"소리 질러, 운동장 (리커버)",진형민,창비
956,지금 알고 있는 걸 그때도 알았더라면,류시화,열림원
957,왜 추세추종전략인가,마이클 코벨,이레미디어
958,국가는 왜 실패하는가,대런 아세모글루,시공사
959,면도날,윌리엄 서머싯 몸,민음사
960,"버블, 새로운 부의 지도",홍기훈,청림출판
961,요즘 우아한 AI 개발,우아한형제들,골든래빗
962,젊음은 나이가 아니라 호르몬이 만든다,안철우,피카라이프(FIKA LIFE)
963,슬로 조깅,다나카 히로아키,레몬한스푼
964,이 카피 누가 쓴 거예요?,이태호,알에이치코리아(RHK)
965,"결국, 마음에 닿는 건 예쁜 말이다",윤설,페이지2북스
966,학종 시대 서울대 가는 공부 로드맵,진동섭,포르체
967,켄투리아 1 더블특전판,쿠라모리 토오루,학산문화사
968,2026 설보연 SANTA 교육학 단권화 Thin,설보연,계획된우연
969,드래곤 퀘스트 다이의 대모험 -용사 아방과 옥염의 마왕- 9,산조 리쿠,대원
970,벤 호건 골프의 기본,벤 호건,한국경제신문사(한경비피)
971,백만장자 알고리즘,앤 마리 사바스,레디투다이브
972,이재명의 굽은 팔,이재명,김영사
973,AI 텐베거 투자,이형수,지베르니
974,지금 이 순간을 살아라,에크하르트 톨레,양문
975,나태한 완벽주의자,피터 홀린스,넥서스BIZ
976,인생 녹음 중,인생 녹음 중,김영사
977,2025 해커스군무원 행정직 FINAL 봉투모의고사(국어+행정법+행정학),해커스 군무원시험연구소,해커스군무원
978,나는 왜 마음 놓고 쉬지 못할까,김은영,심심
979,2025 국가공인 재경관리사 세무회계,삼일회계법인,삼일인포마인
980,2025 해커스군무원 실전동형모의고사 국어,해커스 군무원시험연구소,해커스군무원
981,마법천자문 66,알에스미디어,아울북
982,퇴마록 소장판 전권 세트,이우혁,반타
983,연금 이야기,차경수,넥서스BIZ
984,이상한 집 2,우케쓰,리드비(READbie)
985,2025 수제비 정보처리기사 실기 FINAL 실전 모의고사,윤영빈,건기원
986,열혈강호 92,전극진,대원
987,존재의 역사,팀 콜슨,오픈도어북스
988,2025 에듀윌 제과·제빵기능사 필기 한권끝장+모의고사 20회분,오명석,에듀윌
989,원피스 ONE PIECE 109,오다 에이이치로,대원
990,2025 이기적 컴퓨터활용능력 2급 실기 기본서,박윤정,영진닷컴
991,2025 이기적 빅데이터분석기사 필기 기본서,나홍석,영진닷컴
992,더 좋은 문장을 쓰고 싶은 당신을 위한 필사책,이주윤,빅피시
993,처음 읽는 그리스 로마 신화 12,최설희,미래엔아이세움
994,히카루가 죽은 여름 4,모쿠모쿠렌,디앤씨미디어(D&C미디어)
995,오백 년째 열다섯 3,김혜정,위즈덤하우스
996,읽으면서 바로 써먹는 어린이 감정 표현,한날,파란정원
997,가시고기,조창인,산지
998,그대는 나의 여름이 되세요,서덕준,위즈덤하우스
999,이반 일리치의 죽음,레프 톨스토이,민음사
